{
    "gt": "GT/gp20dict_ZfN_1862_001.xml",
    "ocr": "results/gp20dict_ZfN_1862_001.xml",

    "cer": 0.019574673755437408,
    "wer": 0.027180335618057196,


    "n_characters": 28966,
    "n_words": 4231
}