{
    "gt": "GT/gp_ZfN_1862_001.xml",
    "ocr": "results/gp_ZfN_1862_001.xml",

    "cer": 0.019988952565076296,
    "wer": 0.028834790829591114,


    "n_characters": 28966,
    "n_words": 4231
}