{
    "gt": "GT/gp_ZfN_1865_010.xml",
    "ocr": "results/gp_ZfN_1865_010.xml",

    "cer": 0.5620264284929902,
    "wer": 0.6243703526025426,


    "n_characters": 27319,
    "n_words": 4169
}