{
    "gt": "GT/gp_ZfN_1861_011.xml",
    "ocr": "results/gp_ZfN_1861_011.xml",

    "cer": 0.3541285062672844,
    "wer": 0.43999099301959016,


    "n_characters": 27843,
    "n_words": 4441
}