{
    "gt": "GT/v1_ZfN_1861_011.xml",
    "ocr": "results/EPOCH10/v1_ZfN_1861_011.xml",

    "cer": 0.3539848435872571,
    "wer": 0.44111686557081736,


    "n_characters": 27843,
    "n_words": 4441
}