{
    "gt": "GT/v1_ZfN_1862_001.xml",
    "ocr": "results/EPOCH10/v1_ZfN_1862_001.xml",

    "cer": 0.02150797486708555,
    "wer": 0.03379815646419286,


    "n_characters": 28966,
    "n_words": 4231
}