{
    "gt": "GT/v1_ZfN_1865_010.xml",
    "ocr": "results/EPOCH10/v1_ZfN_1865_010.xml",

    "cer": 0.5610747099088547,
    "wer": 0.6241304869273206,


    "n_characters": 27319,
    "n_words": 4169
}