{
    "gt": "GT/v2_ZfN_1865_010.xml",
    "ocr": "results/EPOCH10/v2_ZfN_1865_010.xml",

    "cer": 0.5607818734214283,
    "wer": 0.6248500839529864,


    "n_characters": 27319,
    "n_words": 4169
}