{
    "gt": "GT/v2_ZfN_1861_011.xml",
    "ocr": "results/EPOCH10/v2_ZfN_1861_011.xml",

    "cer": 0.35222497575692274,
    "wer": 0.4458455302859716,


    "n_characters": 27843,
    "n_words": 4441
}