{
    "gt": "GT/v2_ZfN_1862_001.xml",
    "ocr": "results/EPOCH10/v2_ZfN_1862_001.xml",

    "cer": 0.019643720223710557,
    "wer": 0.028125738596076578,


    "n_characters": 28966,
    "n_words": 4231
}