{
    "gt": "GT/v3_ZfN_1861_011.xml",
    "ocr": "results/EPOCH10/v3_ZfN_1861_011.xml",

    "cer": 0.35283554214703877,
    "wer": 0.43886512046836296,


    "n_characters": 27843,
    "n_words": 4441
}