{
    "gt": "GT/v3_ZfN_1865_010.xml",
    "ocr": "results/EPOCH10/v3_ZfN_1865_010.xml",

    "cer": 0.5622094512976317,
    "wer": 0.6253298153034301,


    "n_characters": 27319,
    "n_words": 4169
}