{
    "gt": "GT/v3_ZfN_1862_001.xml",
    "ocr": "results/EPOCH10/v3_ZfN_1862_001.xml",

    "cer": 0.020852033418490644,
    "wer": 0.03096194753013472,


    "n_characters": 28966,
    "n_words": 4231
}