{
    "gt": "GT/v4_ZfN_1862_001.xml",
    "ocr": "results/EPOCH10/v4_ZfN_1862_001.xml",

    "cer": 0.020023475799212872,
    "wer": 0.029307492318600803,


    "n_characters": 28966,
    "n_words": 4231
}