{
    "gt": "GT/v4_ZfN_1865_010.xml",
    "ocr": "results/EPOCH10/v4_ZfN_1865_010.xml",

    "cer": 0.5596837365935795,
    "wer": 0.6193331734228832,


    "n_characters": 27319,
    "n_words": 4169
}