{
    "gt": "GT/v1_ZfN_1862_001.xml",
    "ocr": "results/EPOCH50/v1_ZfN_1862_001.xml",

    "cer": 0.02240557895463647,
    "wer": 0.04017962656582368,


    "n_characters": 28966,
    "n_words": 4231
}