{
    "gt": "GT/v2_ZfN_1862_001.xml",
    "ocr": "results/EPOCH50/v2_ZfN_1862_001.xml",

    "cer": 0.020852033418490644,
    "wer": 0.03757976837627038,


    "n_characters": 28966,
    "n_words": 4231
}