{
    "gt": "GT/v2_ZfN_1865_010.xml",
    "ocr": "results/EPOCH50/v2_ZfN_1865_010.xml",

    "cer": 0.5623192649804165,
    "wer": 0.6270088750299833,


    "n_characters": 27319,
    "n_words": 4169
}