{
    "gt": "GT/v3_ZfN_1865_010.xml",
    "ocr": "results/EPOCH50/v3_ZfN_1865_010.xml",

    "cer": 0.5620996376148468,
    "wer": 0.6250899496282082,


    "n_characters": 27319,
    "n_words": 4169
}