{
    "gt": "GT/v3_ZfN_1862_001.xml",
    "ocr": "results/EPOCH50/v3_ZfN_1862_001.xml",

    "cer": 0.022198439549817026,
    "wer": 0.03828882060978492,


    "n_characters": 28966,
    "n_words": 4231
}