{
    "gt": "GT/v3_ZfN_1861_011.xml",
    "ocr": "results/EPOCH50/v3_ZfN_1861_011.xml",

    "cer": 0.3561397837876666,
    "wer": 0.45215041657284394,


    "n_characters": 27843,
    "n_words": 4441
}