{
    "gt": "GT/v4_ZfN_1862_001.xml",
    "ocr": "results/EPOCH50/v4_ZfN_1862_001.xml",

    "cer": 0.02109369605744666,
    "wer": 0.03521626093122193,


    "n_characters": 28966,
    "n_words": 4231
}