{
    "gt": "GT/v4_ZfN_1861_011.xml",
    "ocr": "results/EPOCH50/v4_ZfN_1861_011.xml",

    "cer": 0.35402075925726395,
    "wer": 0.45215041657284394,


    "n_characters": 27843,
    "n_words": 4441
}