groundTruth,result,wordIndexMissErrorRate,wordIndexFalseDetectionErrorRate,wordIndexSuccessRate,numberOfUniqueWordsInGroundTruth,numberOfUniqueWordsInResult,wordCountMissErrorRate,wordCountFalseDetectionErrorRate,wordCountSuccessRate,wordCountPrecision,wordCountRecall,wordCountFMeasure,numberOfWordsInGroundTruth,numberOfWordsInResult,charsInGroundTruth,charsInResult,characterAccuracy,wordsInGroundTruthExclStopWords,wordsInResultExclStopWords,wordAccuracyExclStopWords,wordsInGroundTruth,wordsInResult,wordAccuracy
GT_v1/v1_ZfN_1861_011.txt,results/EPOCH50/v1_ZfN_1861_011.txt,"0.12973533990659059","0.18473505104521148","0.841867469879518","1927","2057","0.148788355648644","0.15082824760244115","0.8501904747800636","0.8491717523975588","0.8897008449417675","0.8689639790342366","4379","4588","28034","27746","0.6397588642362845","4379","4588","0.523407170586892","4379","4588","0.523407170586892"
GT_v1/v1_ZfN_1862_001.txt,results/EPOCH50/v1_ZfN_1862_001.txt,"0.02947368421052632","0.04899432697266632","0.9606668403230008","1900","1939","0.03305532829984026","0.03104007412555015","0.9679512498592243","0.9689599258744499","0.9791666666666666","0.9740365583886367","4272","4317","29225","29345","0.9829597946963217","4272","4317","0.9573970037453183","4272","4317","0.9573970037453183"
GT_v1/v1_ZfN_1865_010.txt,results/EPOCH50/v1_ZfN_1865_010.txt,"0.01947690595436835","0.05013477088948787","0.9649507119386637","1797","1855","0.023853779939617237","0.034093581001645896","0.9709993239877232","0.965906418998354","0.9846596356663471","0.975192878338279","4172","4253","27386","27652","0.43814357701015116","4172","4253","0.3566634707574305","4172","4253","0.3566634707574305"
