groundTruth,result,wordIndexMissErrorRate,wordIndexFalseDetectionErrorRate,wordIndexSuccessRate,numberOfUniqueWordsInGroundTruth,numberOfUniqueWordsInResult,wordCountMissErrorRate,wordCountFalseDetectionErrorRate,wordCountSuccessRate,wordCountPrecision,wordCountRecall,wordCountFMeasure,numberOfWordsInGroundTruth,numberOfWordsInResult,charsInGroundTruth,charsInResult,characterAccuracy,wordsInGroundTruthExclStopWords,wordsInResultExclStopWords,wordAccuracyExclStopWords,wordsInGroundTruth,wordsInResult,wordAccuracy
GT_gp/gp_ZfN_1861_011.txt,results/gp_ZfN_1861_011.txt,"0.13803840166061232","0.18137013307047806","0.839737108190091","1927","2029","0.15407974918337108","0.1455264893383161","0.8501753685883726","0.8544735106616839","0.8876455811829185","0.8707437275985662","4379","4549","28034","27566","0.6431832774488122","4379","4549","0.5277460607444622","4379","4549","0.5277460607444622"
GT_gp/gp_ZfN_1862_001.txt,results/gp_ZfN_1862_001.txt,"0.030526315789473735","0.04361370716510903","0.9628855201254574","1900","1926","0.03433928282671894","0.026762857807772863","0.9694341268874984","0.9732371421922271","0.9789325842696629","0.9760765550239234","4272","4297","29225","29293","0.9839863130881095","4272","4297","0.961376404494382","4272","4297","0.961376404494382"
GT_gp/gp_ZfN_1865_010.txt,results/gp_ZfN_1865_010.txt,"0.02114635503617135","0.03932277444019661","0.9696802646085999","1797","1831","0.024168539199108885","0.03294117647058824","0.9714253368356077","0.9670588235294117","0.9851390220517737","0.9760151982901923","4172","4250","27386","27657","0.43898342218651865","4172","4250","0.35642377756471716","4172","4250","0.35642377756471716"
